{
  "list": [
    {
      "user_id": 1052080030,
      "name": "Sirojiddin",
      "family": "Xujageldiyev",
      "phone": "+998930502921",
      "passport": "AB 485 22 15",
      "time": "2025-11-20T14:37:54.684981"
    },
    {
      "user_id": 1052080030,
      "name": "Siroj",
      "family": "Xujageldiyev",
      "phone": "+998930502921",
      "passport": "AB 4852215",
      "time": "2025-11-20T15:13:59.747365"
    },
    {
      "user_id": 8474592025,
      "name": "Siroj",
      "family": "Xujageldiyev",
      "phone": "8387273772373",
      "passport": "Hshsh",
      "time": "2025-11-21T17:00:51.564967"
    },
    {
      "user_id": 1052080030,
      "name": "Sirojiddin",
      "family": "Xujageldiyev",
      "phone": "888888888",
      "passport": "Hhshhs",
      "time": "2025-11-22T05:59:18.019591"
    },
    {
      "user_id": 1052080030,
      "name": "Hehehehe",
      "family": "Hshdhhd",
      "phone": "Hdydyey",
      "passport": "Yyyyuu",
      "time": "2025-11-22T06:00:36.548107"
    },
    {
      "user_id": 1052080030,
      "name": "Sirojiddin",
      "family": "X",
      "phone": "B",
      "passport": "H",
      "time": "2025-11-22T06:53:14.331860"
    },
    {
      "user_id": 1052080030,
      "name": "Sirojiddin",
      "family": "Xujageldiyev",
      "phone": "8",
      "passport": "J",
      "time": "2025-11-22T07:02:08.118922"
    }
  ]
}